{
  "images" : [
    {
      "idiom" : "universal",
      "scale" : "1x"
    },
    {
      "resizing" : {
        "mode" : "3-part-horizontal",
        "center" : {
          "mode" : "tile",
          "width" : 41
        },
        "cap-insets" : {
          "right" : 223,
          "left" : 236
        }
      },
      "idiom" : "universal",
      "filename" : "my_ticket_right@2x.png",
      "scale" : "2x"
    },
    {
      "resizing" : {
        "mode" : "3-part-horizontal",
        "center" : {
          "mode" : "tile",
          "width" : 31
        },
        "cap-insets" : {
          "right" : 350,
          "left" : 369
        }
      },
      "idiom" : "universal",
      "filename" : "my_ticket_right@3x.png",
      "scale" : "3x"
    }
  ],
  "info" : {
    "version" : 1,
    "author" : "xcode"
  }
}